v3,v5
v3,v9
v3,v8,v9
v3,v5,v9
v3
v3,v5,v7,v9
v3,v5,v9
v1,v5,v7,v9
v1,v5,v7,v9
v3,v9
v1,v5,v7,v9
v1,v5,v7,v9
v1,v5,v7,v9
v3,v9
v3,v5,v9
v3,v7,v9
v3,v5,v9
v3,v9
v1,v5,v7,v9
v3,v5,v9
v3,v9
v1,v3,v5,v7,v9
v3,v5,v9
v1,v5,v7,v9
v3,v9
v1,v5,v7,v9
v3,v7,v9
v3,v5,v9
v3,v9
v3,v5,v9
v1,v5,v7,v9
v3,v9
v3,v5,v9
v3,v9
v1,v7,v9
v3,v9
v3,v9
v3,v9
v3,v9
v3,v5
v3,v9
v3
v3
v1,v5,v7,v9
v1,v7,v9
v3,v5
v1,v7,v9
v3,v5,v9
v3,v9
v3
v3,v5,v9
v3
v3,v5
v3,v5
v1,v5,v7,v9
v3,v5,v9
v1,v5,v7,v9
v3
v3
v3,v5,v9
v3,v5,v9
v3,v5,v9
v3,v5,v7,v9
v1,v5,v7,v9
v3,v9
v3
v3,v9
v1,v5,v7,v9
v3,v5
v1,v5,v7,v9
v3
v3,v5,v9
v3,v9
v3
v3,v5
v1,v5,v7,v9
v3,v9
v1,v5,v9
v3
v3,v5
v3,v9
v3,v5
v1,v5,v7,v9
v2,v5,v7,v9
v3,v5,v7,v9
v3
v3
v3,v5,v7,v9
v1,v3,v5,v7,v9
v3,v5,v9
v1,v5,v7,v9
v3,v5
v3,v9
v3
v3,v9
v3,v9
v3
v3,v9
v3,v5
v3,v5