v5,v9,v1
v9,v5
v9,v5
v5,v9
v5,v9,v1
v1,v5
v9,v1
v1,v5
v1,v5
v9,v1
v1,v5
v1,v5
v1,v5
v9,v1
v9,v5
v9,v5,v8
v5,v1
v5,v9
v1,v5
v5,v1
v5,v1,v9
v1,v5
v9,v5
v1,v5
v9,v5
v1,v5
v1,v9
v5,v1
v9,v5
v5,v1
v1,v5
v5,v9
v5,v1
v5,v9
v1,v5
v9,v5
v9,v5
v9,v5
v5,v9
v5,v1
v9,v5
v5,v9
v5,v9
v1,v5
v1,v5
v5,v9
v1,v9
v5,v9
v9,v5
v5,v9
v5,v9
v5,v9
v5,v1
v5,v1
v1,v5
v9,v5
v1,v5
v5,v9
v5,v9
v5,v9
v5,v9
v9,v5
v9,v1
v1,v5
v9,v5
v5,v9
v9,v1
v1,v9
v5,v9
v1,v9
v5,v9
v9,v5
v9,v5
v5,v9
v5,v1
v1,v5
v5,v9
v1,v5
v5,v9
v5,v1
v5,v9
v5,v9
v1,v5
v1,v5
v1,v5
v5,v9
v5,v9
v1,v5
v1,v5
v9,v5
v1,v5
v5,v1
v9,v5
v5,v9
v5,v9
v5,v9
v5,v9
v5,v9
v5,v1
v5,v1