v1,v9
v1,v9
v1,v9
v1,v9
v1,v9
v1,v9
v1,v9
v1,v9
v1,v9
v1,v9
v1,v9
v1,v9
v1,v9
v1,v9
v1,v9
v1,v9
v1,v9
v1,v9
v1,v9
v1,v9
v1,v9
v1,v9
v1,v9
v1,v9
v1,v9
v1,v9
v1,v9
v1,v9
v1,v9
v1,v9
v1,v9
v1,v9
v1,v9
v1,v9
v1,v9
v1,v9
v1,v9
v1,v9
v1,v9
v1,v9
v1,v9
v1,v9
v1,v9
v1,v9
v1,v9
v1,v9
v1,v9
v1,v9
v1,v9
v1,v9
v1,v9
v1,v9
v1,v9
v1,v9
v1,v9
v1,v9
v1,v9
v1,v9
v1,v9
v1,v9
v1,v9
v1,v9
v1,v9
v1,v9
v1,v9
v1,v9
v1,v9
v1,v9
v1,v9
v1,v9
v1,v9
v1,v9
v1,v9
v1,v9
v1,v9
v1,v9
v1,v9
v1,v9
v1,v9
v1,v9
v1,v9
v1,v9
v1,v9
v1,v9
v1,v9
v1,v9
v1,v9
v1,v9
v1,v9
v1,v9
v1,v9
v1,v9
v1,v9
v1,v9
v1,v9
v1,v9
v1,v9
v1,v9
v1,v9
v1,v9